Ablon-sur-Seine;0001;23,01
Ablon-sur-Seine;0002;19,64
Ablon-sur-Seine;0003;21,79
Ablon-sur-Seine;0004;17,27
Alfortville;0001;22,64
Alfortville;0002;17,62
Alfortville;0003;17,20
Alfortville;0004;18,75
Alfortville;0005;19,09
Alfortville;0006;21,41
Alfortville;0007;20,47
Alfortville;0008;18,56
Alfortville;0009;21,49
Alfortville;0010;18,22
Alfortville;0011;19,89
Alfortville;0012;21,43
Alfortville;0013;19,07
Alfortville;0014;18,32
Alfortville;0015;18,35
Alfortville;0016;18,77
Alfortville;0017;23,00
Alfortville;0018;22,21
Alfortville;0019;17,87
Alfortville;0020;22,31
Alfortville;0021;21,87
Alfortville;0022;28,53
Alfortville;0023;26,01
Alfortville;0024;23,15
Alfortville;0025;26,15
Alfortville;0026;19,12
Arcueil;0001;27,93
Arcueil;0002;20,54
Arcueil;0003;27,75
Arcueil;0004;25,00
Arcueil;0005;18,91
Arcueil;0006;24,83
Arcueil;0007;21,39
Arcueil;0008;22,11
Arcueil;0009;25,93
Arcueil;0010;26,76
Arcueil;0011;23,66
Arcueil;0012;30,28
Boissy-Saint-Léger;0001;16,21
Boissy-Saint-Léger;0002;18,88
Boissy-Saint-Léger;0003;20,18
Boissy-Saint-Léger;0004;14,80
Boissy-Saint-Léger;0005;21,32
Boissy-Saint-Léger;0006;26,64
Boissy-Saint-Léger;0007;20,67
Boissy-Saint-Léger;0008;28,34
Boissy-Saint-Léger;0009;25,42
Bonneuil-sur-Marne;0001;26,29
Bonneuil-sur-Marne;0002;29,26
Bonneuil-sur-Marne;0003;26,12
Bonneuil-sur-Marne;0004;24,15
Bonneuil-sur-Marne;0005;28,26
Bonneuil-sur-Marne;0006;29,91
Bonneuil-sur-Marne;0007;26,09
Bonneuil-sur-Marne;0008;31,94
Bonneuil-sur-Marne;0009;25,18
Bonneuil-sur-Marne;0010;26,28
Bry-sur-Marne;0001;20,72
Bry-sur-Marne;0002;18,84
Bry-sur-Marne;0003;13,67
Bry-sur-Marne;0004;15,81
Bry-sur-Marne;0005;15,43
Bry-sur-Marne;0006;18,51
Bry-sur-Marne;0007;22,82
Bry-sur-Marne;0008;18,71
Bry-sur-Marne;0009;16,38
Bry-sur-Marne;0010;24,87
Cachan;0001;22,63
Cachan;0002;15,98
Cachan;0003;26,88
Cachan;0004;25,94
Cachan;0005;18,20
Cachan;0006;14,57
Cachan;0007;26,37
Cachan;0008;27,79
Cachan;0009;16,60
Cachan;0010;18,91
Cachan;0011;16,81
Cachan;0012;20,17
Cachan;0013;21,39
Cachan;0014;19,01
Cachan;0015;17,21
Cachan;0016;15,54
Cachan;0017;16,91
Champigny-sur-Marne;0001;22,76
Champigny-sur-Marne;0002;20,95
Champigny-sur-Marne;0003;25,84
Champigny-sur-Marne;0004;21,44
Champigny-sur-Marne;0005;27,10
Champigny-sur-Marne;0006;21,92
Champigny-sur-Marne;0007;18,79
Champigny-sur-Marne;0008;25,49
Champigny-sur-Marne;0009;20,18
Champigny-sur-Marne;0010;21,32
Champigny-sur-Marne;0040;20,82
Champigny-sur-Marne;0011;22,23
Champigny-sur-Marne;0012;27,73
Champigny-sur-Marne;0013;22,74
Champigny-sur-Marne;0014;19,86
Champigny-sur-Marne;0015;23,25
Champigny-sur-Marne;0016;22,92
Champigny-sur-Marne;0017;19,01
Champigny-sur-Marne;0018;29,72
Champigny-sur-Marne;0019;30,33
Champigny-sur-Marne;0020;25,41
Champigny-sur-Marne;0021;28,17
Champigny-sur-Marne;0022;24,68
Champigny-sur-Marne;0023;34,17
Champigny-sur-Marne;0024;20,41
Champigny-sur-Marne;0025;26,43
Champigny-sur-Marne;0026;21,77
Champigny-sur-Marne;0027;19,48
Champigny-sur-Marne;0028;20,96
Champigny-sur-Marne;0029;20,81
Champigny-sur-Marne;0030;34,79
Champigny-sur-Marne;0031;35,79
Champigny-sur-Marne;0032;37,36
Champigny-sur-Marne;0033;38,47
Champigny-sur-Marne;0034;40,60
Champigny-sur-Marne;0035;29,97
Champigny-sur-Marne;0036;24,77
Champigny-sur-Marne;0037;20,56
Champigny-sur-Marne;0038;22,20
Champigny-sur-Marne;0039;26,22
Champigny-sur-Marne;0041;30,12
Champigny-sur-Marne;0042;37,34
Champigny-sur-Marne;0043;20,68
Charenton-le-Pont;0001;20,43
Charenton-le-Pont;0002;15,34
Charenton-le-Pont;0003;14,36
Charenton-le-Pont;0004;15,57
Charenton-le-Pont;0005;14,92
Charenton-le-Pont;0006;14,86
Charenton-le-Pont;0007;15,26
Charenton-le-Pont;0008;15,24
Charenton-le-Pont;0009;21,04
Charenton-le-Pont;0010;18,07
Charenton-le-Pont;0011;15,46
Charenton-le-Pont;0012;17,32
Charenton-le-Pont;0013;26,11
Charenton-le-Pont;0014;23,52
Charenton-le-Pont;0015;24,63
Charenton-le-Pont;0016;17,84
Charenton-le-Pont;0017;17,16
Charenton-le-Pont;0018;17,05
Charenton-le-Pont;0019;16,40
Charenton-le-Pont;0020;17,56
Chennevières-sur-Marne;0001;15,05
Chennevières-sur-Marne;0002;13,04
Chennevières-sur-Marne;0003;16,19
Chennevières-sur-Marne;0004;13,93
Chennevières-sur-Marne;0005;16,96
Chennevières-sur-Marne;0006;16,37
Chennevières-sur-Marne;0007;16,78
Chennevières-sur-Marne;0008;23,28
Chennevières-sur-Marne;0009;30,21
Chennevières-sur-Marne;0010;31,87
Chennevières-sur-Marne;0011;19,29
Chennevières-sur-Marne;0012;26,42
Chevilly-Larue;0001;23,47
Chevilly-Larue;0002;23,70
Chevilly-Larue;0003;22,47
Chevilly-Larue;0004;29,48
Chevilly-Larue;0005;30,05
Chevilly-Larue;0006;24,65
Chevilly-Larue;0007;15,66
Chevilly-Larue;0008;19,25
Chevilly-Larue;0009;19,73
Chevilly-Larue;0010;18,56
Choisy-le-Roi;0001;18,38
Choisy-le-Roi;0002;20,69
Choisy-le-Roi;0003;24,84
Choisy-le-Roi;0004;30,84
Choisy-le-Roi;0005;21,14
Choisy-le-Roi;0006;19,29
Choisy-le-Roi;0007;21,75
Choisy-le-Roi;0008;21,86
Choisy-le-Roi;0009;19,18
Choisy-le-Roi;0010;15,70
Choisy-le-Roi;0011;20,48
Choisy-le-Roi;0012;32,73
Choisy-le-Roi;0013;17,38
Choisy-le-Roi;0014;20,08
Choisy-le-Roi;0015;18,85
Choisy-le-Roi;0016;23,55
Choisy-le-Roi;0017;17,02
Choisy-le-Roi;0018;15,90
Choisy-le-Roi;0019;20,38
Choisy-le-Roi;0020;17,06
Choisy-le-Roi;0021;13,60
Choisy-le-Roi;0022;14,06
Créteil;0010;20,34
Créteil;0011;19,55
Créteil;0018;18,94
Créteil;0023;14,95
Créteil;0025;10,87
Créteil;0026;18,09
Créteil;0027;17,34
Créteil;0028;14,43
Créteil;0029;20,25
Créteil;0030;18,96
Créteil;0031;18,46
Créteil;0032;15,31
Créteil;0033;21,81
Créteil;0001;20,35
Créteil;0002;20,38
Créteil;0003;19,94
Créteil;0004;24,25
Créteil;0005;22,98
Créteil;0006;20,47
Créteil;0007;13,53
Créteil;0008;16,74
Créteil;0009;21,61
Créteil;0012;20,29
Créteil;0013;21,88
Créteil;0014;22,97
Créteil;0015;24,42
Créteil;0016;21,50
Créteil;0017;20,72
Créteil;0019;24,10
Créteil;0020;27,64
Créteil;0021;23,31
Créteil;0022;21,69
Créteil;0024;24,27
Créteil;0034;24,38
Créteil;0035;32,45
Créteil;0036;26,99
Créteil;0037;32,36
Créteil;0038;26,83
Créteil;0039;25,83
Créteil;0040;29,74
Créteil;0041;25,85
Créteil;0042;26,80
Créteil;0043;27,17
Créteil;0044;23,20
Créteil;0045;16,83
Fontenay-sous-Bois;0001;17,08
Fontenay-sous-Bois;0002;17,15
Fontenay-sous-Bois;0003;16,15
Fontenay-sous-Bois;0004;11,84
Fontenay-sous-Bois;0005;25,12
Fontenay-sous-Bois;0006;16,29
Fontenay-sous-Bois;0007;16,31
Fontenay-sous-Bois;0008;19,23
Fontenay-sous-Bois;0009;18,89
Fontenay-sous-Bois;0010;20,84
Fontenay-sous-Bois;0011;19,78
Fontenay-sous-Bois;0012;19,98
Fontenay-sous-Bois;0013;22,27
Fontenay-sous-Bois;0014;20,33
Fontenay-sous-Bois;0015;20,50
Fontenay-sous-Bois;0016;18,91
Fontenay-sous-Bois;0017;16,86
Fontenay-sous-Bois;0018;33,73
Fontenay-sous-Bois;0019;21,58
Fontenay-sous-Bois;0020;27,13
Fontenay-sous-Bois;0021;28,57
Fontenay-sous-Bois;0022;26,05
Fontenay-sous-Bois;0023;27,34
Fontenay-sous-Bois;0024;25,67
Fontenay-sous-Bois;0025;23,35
Fontenay-sous-Bois;0026;20,04
Fontenay-sous-Bois;0027;22,94
Fontenay-sous-Bois;0028;27,88
Fontenay-sous-Bois;0029;20,56
Fontenay-sous-Bois;0030;19,94
Fontenay-sous-Bois;0031;14,58
Fontenay-sous-Bois;0032;19,08
Fontenay-sous-Bois;0033;28,70
Fresnes;0001;18,51
Fresnes;0002;20,00
Fresnes;0003;27,65
Fresnes;0004;22,08
Fresnes;0005;24,26
Fresnes;0006;28,76
Fresnes;0007;26,72
Fresnes;0008;33,60
Fresnes;0009;27,46
Fresnes;0010;28,99
Fresnes;0011;25,42
Fresnes;0012;24,44
Fresnes;0013;29,32
Fresnes;0014;22,23
Fresnes;0015;30,11
Gentilly;0001;26,69
Gentilly;0002;19,95
Gentilly;0003;25,35
Gentilly;0004;21,68
Gentilly;0005;18,92
Gentilly;0006;27,49
Gentilly;0012;24,94
Gentilly;0007;15,66
Gentilly;0008;13,50
Gentilly;0009;15,46
Gentilly;0010;24,75
Gentilly;0011;21,34
L'Hay-les-Roses;0001;22,93
L'Hay-les-Roses;0002;19,56
L'Hay-les-Roses;0003;17,74
L'Hay-les-Roses;0004;17,29
L'Hay-les-Roses;0005;14,54
L'Hay-les-Roses;0006;16,08
L'Hay-les-Roses;0007;15,52
L'Hay-les-Roses;0008;17,03
L'Hay-les-Roses;0009;14,97
L'Hay-les-Roses;0010;23,44
L'Hay-les-Roses;0011;20,12
L'Hay-les-Roses;0012;18,86
L'Hay-les-Roses;0013;26,48
L'Hay-les-Roses;0014;33,81
L'Hay-les-Roses;0015;26,87
L'Hay-les-Roses;0016;20,61
L'Hay-les-Roses;0017;29,83
L'Hay-les-Roses;0018;26,76
L'Hay-les-Roses;0019;26,30
Ivry-sur-Seine;0001;15,50
Ivry-sur-Seine;0002;22,67
Ivry-sur-Seine;0003;18,80
Ivry-sur-Seine;0004;15,61
Ivry-sur-Seine;0005;19,63
Ivry-sur-Seine;0006;12,92
Ivry-sur-Seine;0007;20,31
Ivry-sur-Seine;0008;14,53
Ivry-sur-Seine;0009;15,24
Ivry-sur-Seine;0010;16,13
Ivry-sur-Seine;0011;11,67
Ivry-sur-Seine;0012;26,78
Ivry-sur-Seine;0013;24,44
Ivry-sur-Seine;0014;17,19
Ivry-sur-Seine;0015;19,58
Ivry-sur-Seine;0021;16,38
Ivry-sur-Seine;0022;27,45
Ivry-sur-Seine;0023;21,68
Ivry-sur-Seine;0024;14,51
Ivry-sur-Seine;0025;17,87
Ivry-sur-Seine;0026;18,53
Ivry-sur-Seine;0027;21,82
Ivry-sur-Seine;0028;14,93
Ivry-sur-Seine;0029;19,13
Ivry-sur-Seine;0030;19,71
Ivry-sur-Seine;0031;15,79
Ivry-sur-Seine;0032;18,12
Ivry-sur-Seine;0033;18,54
Ivry-sur-Seine;0034;19,50
Ivry-sur-Seine;0035;21,37
Ivry-sur-Seine;0036;18,37
Joinville-le-Pont;0001;15,16
Joinville-le-Pont;0002;17,95
Joinville-le-Pont;0003;16,01
Joinville-le-Pont;0004;17,65
Joinville-le-Pont;0005;20,15
Joinville-le-Pont;0006;23,65
Joinville-le-Pont;0007;15,79
Joinville-le-Pont;0008;14,58
Joinville-le-Pont;0009;18,32
Joinville-le-Pont;0010;18,58
Joinville-le-Pont;0011;18,47
Joinville-le-Pont;0012;14,82
Le Kremlin-Bicêtre;0001;22,16
Le Kremlin-Bicêtre;0002;26,81
Le Kremlin-Bicêtre;0003;23,72
Le Kremlin-Bicêtre;0004;25,56
Le Kremlin-Bicêtre;0005;22,48
Le Kremlin-Bicêtre;0006;21,32
Le Kremlin-Bicêtre;0007;20,14
Le Kremlin-Bicêtre;0008;20,18
Le Kremlin-Bicêtre;0009;23,08
Le Kremlin-Bicêtre;0010;24,36
Le Kremlin-Bicêtre;0011;31,27
Le Kremlin-Bicêtre;0012;27,06
Le Kremlin-Bicêtre;0013;28,30
Le Kremlin-Bicêtre;0014;30,04
Le Kremlin-Bicêtre;0015;28,55
Le Kremlin-Bicêtre;0016;28,15
Limeil-Brévannes;0001;21,28
Limeil-Brévannes;0002;17,89
Limeil-Brévannes;0003;17,09
Limeil-Brévannes;0004;23,58
Limeil-Brévannes;0005;18,41
Limeil-Brévannes;0006;27,28
Limeil-Brévannes;0007;20,07
Limeil-Brévannes;0008;18,81
Limeil-Brévannes;0009;15,60
Limeil-Brévannes;0010;21,68
Limeil-Brévannes;0011;21,27
Limeil-Brévannes;0012;21,36
Limeil-Brévannes;0013;20,34
Maisons-Alfort;0001;15,76
Maisons-Alfort;0002;13,76
Maisons-Alfort;0003;15,77
Maisons-Alfort;0004;15,68
Maisons-Alfort;0005;15,30
Maisons-Alfort;0006;14,87
Maisons-Alfort;0007;15,31
Maisons-Alfort;0008;18,39
Maisons-Alfort;0009;16,11
Maisons-Alfort;0010;18,31
Maisons-Alfort;0011;16,67
Maisons-Alfort;0012;17,01
Maisons-Alfort;0013;19,09
Maisons-Alfort;0014;22,72
Maisons-Alfort;0015;21,16
Maisons-Alfort;0016;25,99
Maisons-Alfort;0017;27,51
Maisons-Alfort;0018;18,20
Maisons-Alfort;0019;26,90
Maisons-Alfort;0020;17,79
Maisons-Alfort;0021;17,20
Maisons-Alfort;0022;19,76
Maisons-Alfort;0023;18,23
Maisons-Alfort;0024;18,33
Maisons-Alfort;0025;16,92
Maisons-Alfort;0026;14,81
Maisons-Alfort;0027;15,51
Maisons-Alfort;0028;19,48
Maisons-Alfort;0029;14,99
Maisons-Alfort;0030;16,30
Maisons-Alfort;0031;16,74
Maisons-Alfort;0032;15,92
Maisons-Alfort;0033;19,08
Maisons-Alfort;0034;18,48
Maisons-Alfort;0035;21,20
Maisons-Alfort;0036;21,17
Maisons-Alfort;0037;16,45
Mandres-les-Roses;0001;15,12
Mandres-les-Roses;0002;17,16
Mandres-les-Roses;0003;18,93
Marolles-en-Brie;0001;18,44
Marolles-en-Brie;0002;14,09
Marolles-en-Brie;0003;20,52
Marolles-en-Brie;0004;16,72
Nogent-sur-Marne;0001;20,20
Nogent-sur-Marne;0002;20,91
Nogent-sur-Marne;0003;20,04
Nogent-sur-Marne;0004;19,98
Nogent-sur-Marne;0005;15,29
Nogent-sur-Marne;0006;17,88
Nogent-sur-Marne;0007;27,06
Nogent-sur-Marne;0008;22,55
Nogent-sur-Marne;0009;20,55
Nogent-sur-Marne;0010;15,12
Nogent-sur-Marne;0011;26,01
Nogent-sur-Marne;0012;16,00
Nogent-sur-Marne;0013;17,65
Nogent-sur-Marne;0014;18,92
Nogent-sur-Marne;0015;17,90
Nogent-sur-Marne;0016;24,82
Nogent-sur-Marne;0017;27,34
Nogent-sur-Marne;0018;17,02
Nogent-sur-Marne;0019;21,10
Nogent-sur-Marne;0020;21,74
Nogent-sur-Marne;0021;18,45
Nogent-sur-Marne;0022;25,66
Nogent-sur-Marne;0023;16,10
Noiseau;0001;19,17
Noiseau;0002;17,66
Noiseau;0003;14,98
Noiseau;0004;16,95
Orly;0001;19,92
Orly;0002;20,11
Orly;0003;14,19
Orly;0004;20,08
Orly;0005;30,77
Orly;0006;24,39
Orly;0007;27,29
Orly;0008;27,27
Orly;0009;28,85
Orly;0010;29,26
Orly;0011;21,36
Orly;0012;21,44
Ormesson-sur-Marne;0001;17,47
Ormesson-sur-Marne;0002;16,63
Ormesson-sur-Marne;0003;19,69
Ormesson-sur-Marne;0004;20,45
Ormesson-sur-Marne;0005;19,29
Ormesson-sur-Marne;0006;14,68
Ormesson-sur-Marne;0007;18,77
Périgny-sur-Yerres;0001;13,81
Périgny-sur-Yerres;0002;15,94
Le Perreux-sur-Marne;0001;18,31
Le Perreux-sur-Marne;0002;17,13
Le Perreux-sur-Marne;0003;21,82
Le Perreux-sur-Marne;0004;21,91
Le Perreux-sur-Marne;0005;20,72
Le Perreux-sur-Marne;0006;17,61
Le Perreux-sur-Marne;0007;21,26
Le Perreux-sur-Marne;0008;19,50
Le Perreux-sur-Marne;0009;18,98
Le Perreux-sur-Marne;0010;19,40
Le Perreux-sur-Marne;0011;18,29
Le Perreux-sur-Marne;0012;21,56
Le Perreux-sur-Marne;0013;19,33
Le Perreux-sur-Marne;0014;17,22
Le Perreux-sur-Marne;0015;16,57
Le Perreux-sur-Marne;0016;16,36
Le Perreux-sur-Marne;0017;20,92
Le Perreux-sur-Marne;0018;24,50
Le Perreux-sur-Marne;0019;18,29
Le Perreux-sur-Marne;0020;19,61
Le Plessis-Trévise;0001;18,74
Le Plessis-Trévise;0002;22,69
Le Plessis-Trévise;0003;21,43
Le Plessis-Trévise;0004;21,98
Le Plessis-Trévise;0005;21,86
Le Plessis-Trévise;0006;15,74
Le Plessis-Trévise;0007;17,51
Le Plessis-Trévise;0008;16,39
Le Plessis-Trévise;0009;18,91
Le Plessis-Trévise;0010;18,97
Le Plessis-Trévise;0011;15,20
La Queue-en-Brie;0001;21,22
La Queue-en-Brie;0002;20,46
La Queue-en-Brie;0003;18,27
La Queue-en-Brie;0004;19,29
La Queue-en-Brie;0005;22,09
La Queue-en-Brie;0006;13,17
La Queue-en-Brie;0007;22,99
La Queue-en-Brie;0008;16,31
Rungis;0001;14,41
Rungis;0002;12,23
Rungis;0003;11,79
Rungis;0004;12,45
Saint-Mandé;0001;20,98
Saint-Mandé;0002;14,66
Saint-Mandé;0003;19,20
Saint-Mandé;0004;16,22
Saint-Mandé;0005;16,40
Saint-Mandé;0006;16,12
Saint-Mandé;0007;19,90
Saint-Mandé;0008;19,59
Saint-Mandé;0009;16,80
Saint-Mandé;0010;17,38
Saint-Mandé;0011;19,48
Saint-Mandé;0012;15,78
Saint-Mandé;0013;24,66
Saint-Mandé;0014;18,08
Saint-Mandé;0015;18,09
Saint-Mandé;0016;16,44
Saint-Maur-des-Fossés;0001;16,67
Saint-Maur-des-Fossés;0002;14,81
Saint-Maur-des-Fossés;0003;15,16
Saint-Maur-des-Fossés;0004;18,59
Saint-Maur-des-Fossés;0005;15,51
Saint-Maur-des-Fossés;0006;14,84
Saint-Maur-des-Fossés;0007;14,85
Saint-Maur-des-Fossés;0008;15,24
Saint-Maur-des-Fossés;0009;17,22
Saint-Maur-des-Fossés;0010;14,06
Saint-Maur-des-Fossés;0011;15,14
Saint-Maur-des-Fossés;0012;14,51
Saint-Maur-des-Fossés;0013;15,15
Saint-Maur-des-Fossés;0014;15,72
Saint-Maur-des-Fossés;0015;11,84
Saint-Maur-des-Fossés;0016;15,21
Saint-Maur-des-Fossés;0017;16,61
Saint-Maur-des-Fossés;0018;15,68
Saint-Maur-des-Fossés;0019;13,66
Saint-Maur-des-Fossés;0020;19,57
Saint-Maur-des-Fossés;0021;17,78
Saint-Maur-des-Fossés;0022;16,40
Saint-Maur-des-Fossés;0023;14,34
Saint-Maur-des-Fossés;0024;18,36
Saint-Maur-des-Fossés;0025;21,90
Saint-Maur-des-Fossés;0026;14,47
Saint-Maur-des-Fossés;0027;12,08
Saint-Maur-des-Fossés;0028;16,68
Saint-Maur-des-Fossés;0029;14,77
Saint-Maur-des-Fossés;0030;14,63
Saint-Maur-des-Fossés;0031;17,75
Saint-Maur-des-Fossés;0032;13,16
Saint-Maur-des-Fossés;0033;15,79
Saint-Maur-des-Fossés;0034;13,86
Saint-Maur-des-Fossés;0035;20,80
Saint-Maur-des-Fossés;0036;12,00
Saint-Maur-des-Fossés;0037;27,50
Saint-Maur-des-Fossés;0038;18,32
Saint-Maur-des-Fossés;0039;14,15
Saint-Maur-des-Fossés;0040;16,86
Saint-Maur-des-Fossés;0041;16,70
Saint-Maur-des-Fossés;0042;18,86
Saint-Maur-des-Fossés;0043;20,58
Saint-Maur-des-Fossés;0044;17,05
Saint-Maur-des-Fossés;0045;14,79
Saint-Maur-des-Fossés;0046;16,73
Saint-Maur-des-Fossés;0047;17,68
Saint-Maur-des-Fossés;0048;14,42
Saint-Maur-des-Fossés;0049;18,54
Saint-Maur-des-Fossés;0050;18,22
Saint-Maur-des-Fossés;0051;13,27
Saint-Maur-des-Fossés;0052;13,33
Saint-Maur-des-Fossés;0053;16,05
Saint-Maur-des-Fossés;0054;13,92
Saint-Maurice;0001;22,32
Saint-Maurice;0002;22,45
Saint-Maurice;0003;11,76
Saint-Maurice;0004;16,61
Saint-Maurice;0005;13,44
Saint-Maurice;0006;17,51
Saint-Maurice;0007;17,35
Saint-Maurice;0008;16,17
Saint-Maurice;0009;18,88
Santeny;0001;16,72
Santeny;0002;12,80
Santeny;0003;15,82
Sucy-en-Brie;0001;14,00
Sucy-en-Brie;0002;13,20
Sucy-en-Brie;0003;13,89
Sucy-en-Brie;0004;16,44
Sucy-en-Brie;0005;13,80
Sucy-en-Brie;0006;27,60
Sucy-en-Brie;0007;18,71
Sucy-en-Brie;0008;12,39
Sucy-en-Brie;0009;25,94
Sucy-en-Brie;0010;12,04
Sucy-en-Brie;0011;16,56
Sucy-en-Brie;0012;12,47
Sucy-en-Brie;0013;15,55
Sucy-en-Brie;0014;14,44
Sucy-en-Brie;0015;18,61
Sucy-en-Brie;0016;15,85
Sucy-en-Brie;0017;10,17
Sucy-en-Brie;0018;13,36
Thiais;0001;19,52
Thiais;0002;18,50
Thiais;0003;18,65
Thiais;0004;28,23
Thiais;0005;22,48
Thiais;0006;21,57
Thiais;0007;27,32
Thiais;0008;27,48
Thiais;0009;20,78
Thiais;0010;19,82
Thiais;0011;22,79
Thiais;0012;18,57
Thiais;0013;15,93
Valenton;0001;27,03
Valenton;0002;31,28
Valenton;0003;29,02
Valenton;0004;31,09
Valenton;0005;33,10
Valenton;0006;23,51
Valenton;0007;15,85
Villecresnes;0001;14,15
Villecresnes;0002;16,70
Villecresnes;0003;16,18
Villecresnes;0004;13,56
Villecresnes;0005;13,63
Villecresnes;0006;16,02
Villecresnes;0007;21,42
Villecresnes;0008;11,97
Villejuif;0001;26,58
Villejuif;0002;18,57
Villejuif;0003;23,53
Villejuif;0004;19,82
Villejuif;0005;27,51
Villejuif;0006;22,58
Villejuif;0007;25,78
Villejuif;0008;30,75
Villejuif;0009;26,62
Villejuif;0010;25,78
Villejuif;0011;33,96
Villejuif;0012;33,52
Villejuif;0013;31,49
Villejuif;0014;29,52
Villejuif;0015;35,04
Villejuif;0016;20,83
Villejuif;0017;27,77
Villejuif;0018;24,82
Villejuif;0019;27,27
Villejuif;0020;21,88
Villejuif;0021;24,69
Villejuif;0022;24,54
Villejuif;0023;28,43
Villejuif;0024;18,54
Villejuif;0025;23,69
Villejuif;0026;21,31
Villejuif;0027;31,83
Villejuif;0028;32,77
Villejuif;0029;27,78
Villejuif;0030;34,14
Villejuif;0031;23,31
Villejuif;0032;27,75
Villejuif;0033;30,34
Villejuif;0034;28,45
Villeneuve-le-Roi;0001;32,41
Villeneuve-le-Roi;0002;27,81
Villeneuve-le-Roi;0003;29,05
Villeneuve-le-Roi;0004;23,88
Villeneuve-le-Roi;0005;20,51
Villeneuve-le-Roi;0006;22,35
Villeneuve-le-Roi;0007;22,91
Villeneuve-le-Roi;0008;21,02
Villeneuve-le-Roi;0009;22,38
Villeneuve-le-Roi;0010;30,14
Villeneuve-le-Roi;0011;27,12
Villeneuve-le-Roi;0012;23,16
Villeneuve-Saint-Georges;0001;25,80
Villeneuve-Saint-Georges;0002;30,27
Villeneuve-Saint-Georges;0003;34,59
Villeneuve-Saint-Georges;0004;25,10
Villeneuve-Saint-Georges;0005;19,96
Villeneuve-Saint-Georges;0006;25,64
Villeneuve-Saint-Georges;0007;30,09
Villeneuve-Saint-Georges;0008;27,50
Villeneuve-Saint-Georges;0009;28,12
Villeneuve-Saint-Georges;0010;24,11
Villeneuve-Saint-Georges;0011;22,90
Villeneuve-Saint-Georges;0012;29,45
Villeneuve-Saint-Georges;0013;25,34
Villeneuve-Saint-Georges;0014;32,59
Villiers-sur-Marne;0001;21,32
Villiers-sur-Marne;0002;18,89
Villiers-sur-Marne;0003;18,66
Villiers-sur-Marne;0004;18,14
Villiers-sur-Marne;0005;31,67
Villiers-sur-Marne;0006;33,06
Villiers-sur-Marne;0007;25,13
Villiers-sur-Marne;0008;20,99
Villiers-sur-Marne;0009;18,77
Villiers-sur-Marne;0010;16,92
Villiers-sur-Marne;0011;16,84
Villiers-sur-Marne;0012;18,03
Villiers-sur-Marne;0013;16,89
Villiers-sur-Marne;0014;20,15
Villiers-sur-Marne;0015;18,49
Villiers-sur-Marne;0016;18,26
Villiers-sur-Marne;0017;19,62
Villiers-sur-Marne;0018;21,81
Vincennes;0001;12,04
Vincennes;0002;11,80
Vincennes;0003;12,26
Vincennes;0004;13,31
Vincennes;0005;12,74
Vincennes;0006;12,70
Vincennes;0007;14,31
Vincennes;0008;13,95
Vincennes;0009;16,69
Vincennes;0010;13,17
Vincennes;0011;19,21
Vincennes;0012;17,41
Vincennes;0013;15,79
Vincennes;0014;16,76
Vincennes;0015;18,38
Vincennes;0016;12,59
Vincennes;0017;14,02
Vincennes;0018;11,23
Vincennes;0019;13,22
Vincennes;0020;14,94
Vincennes;0021;15,48
Vincennes;0022;14,55
Vincennes;0023;18,32
Vincennes;0024;15,93
Vincennes;0025;14,75
Vincennes;0026;14,42
Vincennes;0027;12,35
Vincennes;0028;13,62
Vincennes;0029;12,47
Vincennes;0030;12,39
Vincennes;0031;11,86
Vitry-sur-Seine;0001;35,58
Vitry-sur-Seine;0002;31,85
Vitry-sur-Seine;0003;33,02
Vitry-sur-Seine;0004;37,11
Vitry-sur-Seine;0005;36,88
Vitry-sur-Seine;0006;23,61
Vitry-sur-Seine;0007;32,59
Vitry-sur-Seine;0008;24,42
Vitry-sur-Seine;0009;24,57
Vitry-sur-Seine;0010;26,93
Vitry-sur-Seine;0011;31,73
Vitry-sur-Seine;0012;22,80
Vitry-sur-Seine;0013;23,17
Vitry-sur-Seine;0014;29,11
Vitry-sur-Seine;0015;29,39
Vitry-sur-Seine;0017;31,37
Vitry-sur-Seine;0018;29,21
Vitry-sur-Seine;0019;26,92
Vitry-sur-Seine;0020;21,41
Vitry-sur-Seine;0021;28,17
Vitry-sur-Seine;0022;24,95
Vitry-sur-Seine;0023;31,16
Vitry-sur-Seine;0024;29,91
Vitry-sur-Seine;0025;33,09
Vitry-sur-Seine;0026;37,27
Vitry-sur-Seine;0030;17,97
Vitry-sur-Seine;0031;27,64
Vitry-sur-Seine;0032;19,14
Vitry-sur-Seine;0033;30,96
Vitry-sur-Seine;0034;22,03
Vitry-sur-Seine;0035;26,95
Vitry-sur-Seine;0036;18,95
Vitry-sur-Seine;0037;19,71
Vitry-sur-Seine;0041;25,83
Vitry-sur-Seine;0042;32,78
Vitry-sur-Seine;0043;29,10
Vitry-sur-Seine;0044;33,73
Vitry-sur-Seine;0045;26,26
Vitry-sur-Seine;0046;22,46
Vitry-sur-Seine;0047;27,40
Vitry-sur-Seine;0048;24,95
Vitry-sur-Seine;0049;25,27
Vitry-sur-Seine;0050;23,65
Vitry-sur-Seine;0051;19,78
Vitry-sur-Seine;0052;21,43
Vitry-sur-Seine;0053;25,00
Vitry-sur-Seine;0054;25,16
Vitry-sur-Seine;0055;23,60
Vitry-sur-Seine;0056;25,06
Vitry-sur-Seine;0057;21,44
Ablon-sur-Seine;20.43
Alfortville;20.83
Arcueil;24.59
Boissy-Saint-Léger;21.38
Bonneuil-sur-Marne;27.35
Bry-sur-Marne;18.58
Cachan;20.05
Champigny-sur-Marne;25.71
Charenton-le-Pont;17.91
Chennevières-sur-Marne;19.95
Chevilly-Larue;22.70
Choisy-le-Roi;20.22
Créteil;21.79
Fontenay-sous-Bois;21.35
Fresnes;25.97
Gentilly;21.31
L'Hay-les-Roses;21.51
Ivry-sur-Seine;18.54
Joinville-le-Pont;17.59
Le Kremlin-Bicêtre;25.20
Limeil-Brévannes;20.36
Maisons-Alfort;18.19
Mandres-les-Roses;17.07
Marolles-en-Brie;17.44
Nogent-sur-Marne;20.36
Noiseau;17.19
Orly;23.74
Ormesson-sur-Marne;18.14
Périgny-sur-Yerres;14.88
Le Perreux-sur-Marne;19.46
Le Plessis-Trévise;19.04
La Queue-en-Brie;19.22
Rungis;12.72
Saint-Mandé;18.11
Saint-Maur-des-Fossés;16.14
Saint-Maurice;17.39
Santeny;15.11
Sucy-en-Brie;15.83
Thiais;21.66
Valenton;27.27
Villecresnes;15.45
Villejuif;26.80
Villeneuve-le-Roi;25.23
Villeneuve-Saint-Georges;27.25
Villiers-sur-Marne;20.76
Vincennes;14.28
Vitry-sur-Seine;27.05
